
Insert into USERS (USER_NO,USER_ID,PASSWORD,EMAIL,EMAIL_CHECK,USER_NAME,BIRTHDAY,REFRESH_TOKEN,REFRESH_TOKEN_EXPIRE_TIME,SNS_NAME,ROLE,WITHDRAW_CHECK,WITHDRAW_DATE) values (109,'1016195410',null,'1234567@naver.com',0,'지영',to_date('19/02/01','RR/MM/DD'),null,null,3,1,0,null);
Insert into USERS (USER_NO,USER_ID,PASSWORD,EMAIL,EMAIL_CHECK,USER_NAME,BIRTHDAY,REFRESH_TOKEN,REFRESH_TOKEN_EXPIRE_TIME,SNS_NAME,ROLE,WITHDRAW_CHECK,WITHDRAW_DATE) values (122,'TEST123','1234','AAA@NAVER.COM',1,'TEST',to_date('19/02/15','RR/MM/DD'),null,null,0,1,0,null);
Insert into USERS (USER_NO,USER_ID,PASSWORD,EMAIL,EMAIL_CHECK,USER_NAME,BIRTHDAY,REFRESH_TOKEN,REFRESH_TOKEN_EXPIRE_TIME,SNS_NAME,ROLE,WITHDRAW_CHECK,WITHDRAW_DATE) values (102,'tmmmi','1234','jiseul1011@daum.net',1,'티미',to_date('19/02/07','RR/MM/DD'),null,null,0,1,0,to_date('19/02/15','RR/MM/DD'));
Insert into USERS (USER_NO,USER_ID,PASSWORD,EMAIL,EMAIL_CHECK,USER_NAME,BIRTHDAY,REFRESH_TOKEN,REFRESH_TOKEN_EXPIRE_TIME,SNS_NAME,ROLE,WITHDRAW_CHECK,WITHDRAW_DATE) values (107,'user1','1234','123456@naver.com',1,'유저',to_date('19/02/08','RR/MM/DD'),null,null,0,1,0,to_date('19/02/15','RR/MM/DD'));
Insert into USERS (USER_NO,USER_ID,PASSWORD,EMAIL,EMAIL_CHECK,USER_NAME,BIRTHDAY,REFRESH_TOKEN,REFRESH_TOKEN_EXPIRE_TIME,SNS_NAME,ROLE,WITHDRAW_CHECK,WITHDRAW_DATE) values (106,'user01','1234','1234@naver.com',1,'테스트',to_date('19/02/03','RR/MM/DD'),null,null,0,1,0,to_date('19/02/15','RR/MM/DD'));
Insert into USERS (USER_NO,USER_ID,PASSWORD,EMAIL,EMAIL_CHECK,USER_NAME,BIRTHDAY,REFRESH_TOKEN,REFRESH_TOKEN_EXPIRE_TIME,SNS_NAME,ROLE,WITHDRAW_CHECK,WITHDRAW_DATE) values (103,'user07','5723957','123@naver.com',1,'유저',to_date('97/01/05','RR/MM/DD'),null,null,0,1,0,to_date('19/02/15','RR/MM/DD'));
Insert into USERS (USER_NO,USER_ID,PASSWORD,EMAIL,EMAIL_CHECK,USER_NAME,BIRTHDAY,REFRESH_TOKEN,REFRESH_TOKEN_EXPIRE_TIME,SNS_NAME,ROLE,WITHDRAW_CHECK,WITHDRAW_DATE) values (104,'soju119','1234','aaa@aaaa.com',1,'소주싫어요',to_date('94/04/12','RR/MM/DD'),null,null,0,1,0,null);
Insert into USERS (USER_NO,USER_ID,PASSWORD,EMAIL,EMAIL_CHECK,USER_NAME,BIRTHDAY,REFRESH_TOKEN,REFRESH_TOKEN_EXPIRE_TIME,SNS_NAME,ROLE,WITHDRAW_CHECK,WITHDRAW_DATE) values (121,'test01','1234','test01@test.com',1,'테스트용',to_date('93/01/01','RR/MM/DD'),null,null,0,1,0,to_date('19/02/14','RR/MM/DD'));
Insert into USERS (USER_NO,USER_ID,PASSWORD,EMAIL,EMAIL_CHECK,USER_NAME,BIRTHDAY,REFRESH_TOKEN,REFRESH_TOKEN_EXPIRE_TIME,SNS_NAME,ROLE,WITHDRAW_CHECK,WITHDRAW_DATE) values (108,'user02','1234','12345@naver.com',1,'유저다',to_date('19/02/07','RR/MM/DD'),null,null,0,1,0,null);
Insert into USERS (USER_NO,USER_ID,PASSWORD,EMAIL,EMAIL_CHECK,USER_NAME,BIRTHDAY,REFRESH_TOKEN,REFRESH_TOKEN_EXPIRE_TIME,SNS_NAME,ROLE,WITHDRAW_CHECK,WITHDRAW_DATE) values (110,'112299761277363980765',null,'jaavaa05@gmail.com',1,'황지영',null,null,null,2,1,0,null);
Insert into USERS (USER_NO,USER_ID,PASSWORD,EMAIL,EMAIL_CHECK,USER_NAME,BIRTHDAY,REFRESH_TOKEN,REFRESH_TOKEN_EXPIRE_TIME,SNS_NAME,ROLE,WITHDRAW_CHECK,WITHDRAW_DATE) values (101,'admin','1234','jiseul1011@naver.com',1,'admin',to_date('19/02/07','RR/MM/DD'),null,null,0,0,0,to_date('19/02/15','RR/MM/DD'));
Insert into USERS (USER_NO,USER_ID,PASSWORD,EMAIL,EMAIL_CHECK,USER_NAME,BIRTHDAY,REFRESH_TOKEN,REFRESH_TOKEN_EXPIRE_TIME,SNS_NAME,ROLE,WITHDRAW_CHECK,WITHDRAW_DATE) values (111,'79431661',null,'gyp0288@naver.com',0,'황지영',null,'aKeCistPHtMZC3PQBq2ipaqQAONJK8nujfu8isUULbJnKEA0o6boLdip8oKhtZRpwEug2kHsl3aMiilhXX6Fip77JupYjvyDmNXisKTe91ipDaSECN3rSPd9YrfJeX0kGh93S1Y2',null,1,1,0,null);
Insert into USERS (USER_NO,USER_ID,PASSWORD,EMAIL,EMAIL_CHECK,USER_NAME,BIRTHDAY,REFRESH_TOKEN,REFRESH_TOKEN_EXPIRE_TIME,SNS_NAME,ROLE,WITHDRAW_CHECK,WITHDRAW_DATE) values (112,'bomii','1234','kbm4853@naver.com',1,'보미사랑햄♥',to_date('19/02/19','RR/MM/DD'),null,null,0,1,0,to_date('19/02/15','RR/MM/DD'));
Insert into USERS (USER_NO,USER_ID,PASSWORD,EMAIL,EMAIL_CHECK,USER_NAME,BIRTHDAY,REFRESH_TOKEN,REFRESH_TOKEN_EXPIRE_TIME,SNS_NAME,ROLE,WITHDRAW_CHECK,WITHDRAW_DATE) values (113,'logicKing','1234','akima777@naver.com',1,'자바왕',to_date('90/01/03','RR/MM/DD'),null,null,0,1,0,null);
Insert into USERS (USER_NO,USER_ID,PASSWORD,EMAIL,EMAIL_CHECK,USER_NAME,BIRTHDAY,REFRESH_TOKEN,REFRESH_TOKEN_EXPIRE_TIME,SNS_NAME,ROLE,WITHDRAW_CHECK,WITHDRAW_DATE) values (123,'user16','1234','user16@user.com',1,'유저16',to_date('93/10/11','RR/MM/DD'),null,null,0,1,0,null);

Insert into USER_CATEGORY (USER_CATEGORY_NO,USER_NO,USER_CATEGORY_COLOR,USER_CATEGORY_NAME) values (7,101,'#81a8ee','영화 개봉 일정');
Insert into USER_CATEGORY (USER_CATEGORY_NO,USER_NO,USER_CATEGORY_COLOR,USER_CATEGORY_NAME) values (1,101,'#F04C2F','k리그');
Insert into USER_CATEGORY (USER_CATEGORY_NO,USER_NO,USER_CATEGORY_COLOR,USER_CATEGORY_NAME) values (2,101,'#FA4424','EPL');
Insert into USER_CATEGORY (USER_CATEGORY_NO,USER_NO,USER_CATEGORY_COLOR,USER_CATEGORY_NAME) values (45,104,'#ffb329','학교');
Insert into USER_CATEGORY (USER_CATEGORY_NO,USER_NO,USER_CATEGORY_COLOR,USER_CATEGORY_NAME) values (46,104,'#523c9f','비트');
Insert into USER_CATEGORY (USER_CATEGORY_NO,USER_NO,USER_CATEGORY_COLOR,USER_CATEGORY_NAME) values (3,101,'#B2D95F','KBO');
Insert into USER_CATEGORY (USER_CATEGORY_NO,USER_NO,USER_CATEGORY_COLOR,USER_CATEGORY_NAME) values (4,101,'#AEA21D','MLB');
Insert into USER_CATEGORY (USER_CATEGORY_NO,USER_NO,USER_CATEGORY_COLOR,USER_CATEGORY_NAME) values (5,101,'#F78616','KBL');
Insert into USER_CATEGORY (USER_CATEGORY_NO,USER_NO,USER_CATEGORY_COLOR,USER_CATEGORY_NAME) values (6,101,'#BE4107','NBA');
Insert into USER_CATEGORY (USER_CATEGORY_NO,USER_NO,USER_CATEGORY_COLOR,USER_CATEGORY_NAME) values (54,106,'#aeddef','할일');
Insert into USER_CATEGORY (USER_CATEGORY_NO,USER_NO,USER_CATEGORY_COLOR,USER_CATEGORY_NAME) values (52,106,'#eac1f0','학원');
Insert into USER_CATEGORY (USER_CATEGORY_NO,USER_NO,USER_CATEGORY_COLOR,USER_CATEGORY_NAME) values (53,102,'#7c7adc','졸려');
Insert into USER_CATEGORY (USER_CATEGORY_NO,USER_NO,USER_CATEGORY_COLOR,USER_CATEGORY_NAME) values (63,112,'#778bf9','비트');
Insert into USER_CATEGORY (USER_CATEGORY_NO,USER_NO,USER_CATEGORY_COLOR,USER_CATEGORY_NAME) values (67,122,'#eac1f0','321');
Insert into USER_CATEGORY (USER_CATEGORY_NO,USER_NO,USER_CATEGORY_COLOR,USER_CATEGORY_NAME) values (61,121,'#eac1f0','학원');
Insert into USER_CATEGORY (USER_CATEGORY_NO,USER_NO,USER_CATEGORY_COLOR,USER_CATEGORY_NAME) values (62,121,'#b5f2e9','집');
Insert into USER_CATEGORY (USER_CATEGORY_NO,USER_NO,USER_CATEGORY_COLOR,USER_CATEGORY_NAME) values (47,103,'#eac1f0','비트');
Insert into USER_CATEGORY (USER_CATEGORY_NO,USER_NO,USER_CATEGORY_COLOR,USER_CATEGORY_NAME) values (44,104,'#e3595b','집');
Insert into USER_CATEGORY (USER_CATEGORY_NO,USER_NO,USER_CATEGORY_COLOR,USER_CATEGORY_NAME) values (51,104,'#ccafd0','냠냠');

Insert into TODO (TODO_NO,USER_NO,TODO_DETAIL,TODO_START_DATE,TODO_END_DATE) values (103,104,'나의 할 일 3',to_date('19/04/08','RR/MM/DD'),to_date('19/06/08','RR/MM/DD'));
Insert into TODO (TODO_NO,USER_NO,TODO_DETAIL,TODO_START_DATE,TODO_END_DATE) values (113,112,'회원관리UI 완성시키기',to_date('19/03/13','RR/MM/DD'),to_date('19/03/14','RR/MM/DD'));
Insert into TODO (TODO_NO,USER_NO,TODO_DETAIL,TODO_START_DATE,TODO_END_DATE) values (105,104,'나의 할 일 798546',to_date('19/02/08','RR/MM/DD'),to_date('19/06/20','RR/MM/DD'));
Insert into TODO (TODO_NO,USER_NO,TODO_DETAIL,TODO_START_DATE,TODO_END_DATE) values (115,112,'회원관리UI 완성하기',to_date('19/03/13','RR/MM/DD'),to_date('19/03/14','RR/MM/DD'));
Insert into TODO (TODO_NO,USER_NO,TODO_DETAIL,TODO_START_DATE,TODO_END_DATE) values (102,104,'나의 할 일 22',to_date('19/02/08','RR/MM/DD'),to_date('19/05/08','RR/MM/DD'));
Insert into TODO (TODO_NO,USER_NO,TODO_DETAIL,TODO_START_DATE,TODO_END_DATE) values (106,104,'나의할일이지',to_date('19/02/08','RR/MM/DD'),to_date('19/11/08','RR/MM/DD'));
Insert into TODO (TODO_NO,USER_NO,TODO_DETAIL,TODO_START_DATE,TODO_END_DATE) values (128,101,'명훈이발표하기',to_date('19/02/06','RR/MM/DD'),to_date('19/02/21','RR/MM/DD'));
Insert into TODO (TODO_NO,USER_NO,TODO_DETAIL,TODO_START_DATE,TODO_END_DATE) values (123,112,'기용괴롭히기111111',to_date('19/02/15','RR/MM/DD'),to_date('19/02/15','RR/MM/DD'));
Insert into TODO (TODO_NO,USER_NO,TODO_DETAIL,TODO_START_DATE,TODO_END_DATE) values (124,112,'명훈아.. 하나했니?',to_date('19/02/14','RR/MM/DD'),to_date('19/02/17','RR/MM/DD'));
Insert into TODO (TODO_NO,USER_NO,TODO_DETAIL,TODO_START_DATE,TODO_END_DATE) values (125,112,'그럼.. 두개했니?',to_date('19/02/14','RR/MM/DD'),to_date('19/02/20','RR/MM/DD'));
Insert into TODO (TODO_NO,USER_NO,TODO_DETAIL,TODO_START_DATE,TODO_END_DATE) values (126,112,'할일말고 다른건...? 아! 맛집!?',to_date('19/02/14','RR/MM/DD'),to_date('19/02/22','RR/MM/DD'));
Insert into TODO (TODO_NO,USER_NO,TODO_DETAIL,TODO_START_DATE,TODO_END_DATE) values (127,101,'신나게 놀기',to_date('19/02/14','RR/MM/DD'),to_date('19/02/15','RR/MM/DD'));
Insert into TODO (TODO_NO,USER_NO,TODO_DETAIL,TODO_START_DATE,TODO_END_DATE) values (129,101,'알람 너무 재수없잖아!',to_date('19/02/01','RR/MM/DD'),to_date('19/02/28','RR/MM/DD'));
Insert into TODO (TODO_NO,USER_NO,TODO_DETAIL,TODO_START_DATE,TODO_END_DATE) values (130,101,'ㄴㄴㄴ',to_date('19/02/13','RR/MM/DD'),to_date('19/02/16','RR/MM/DD'));
Insert into TODO (TODO_NO,USER_NO,TODO_DETAIL,TODO_START_DATE,TODO_END_DATE) values (116,112,'회원관리 UI 완료하기',to_date('19/03/13','RR/MM/DD'),to_date('19/03/14','RR/MM/DD'));
Insert into TODO (TODO_NO,USER_NO,TODO_DETAIL,TODO_START_DATE,TODO_END_DATE) values (108,104,'아침밥먹기',to_date('19/02/09','RR/MM/DD'),to_date('70/01/09','RR/MM/DD'));
Insert into TODO (TODO_NO,USER_NO,TODO_DETAIL,TODO_START_DATE,TODO_END_DATE) values (98,104,'명훈이발표하기',to_date('19/02/08','RR/MM/DD'),to_date('19/02/08','RR/MM/DD'));
Insert into TODO (TODO_NO,USER_NO,TODO_DETAIL,TODO_START_DATE,TODO_END_DATE) values (131,104,'넹넨엔에',to_date('19/02/01','RR/MM/DD'),to_date('19/02/08','RR/MM/DD'));
Insert into TODO (TODO_NO,USER_NO,TODO_DETAIL,TODO_START_DATE,TODO_END_DATE) values (121,104,'할일 이다리라리',to_date('19/02/14','RR/MM/DD'),to_date('19/02/23','RR/MM/DD'));
Insert into TODO (TODO_NO,USER_NO,TODO_DETAIL,TODO_START_DATE,TODO_END_DATE) values (95,104,'추가힘들어 ㅠㅠ',to_date('19/02/07','RR/MM/DD'),to_date('19/02/05','RR/MM/DD'));
Insert into TODO (TODO_NO,USER_NO,TODO_DETAIL,TODO_START_DATE,TODO_END_DATE) values (114,112,'회원관리UI 완성시키기',to_date('19/03/13','RR/MM/DD'),to_date('19/03/14','RR/MM/DD'));
Insert into TODO (TODO_NO,USER_NO,TODO_DETAIL,TODO_START_DATE,TODO_END_DATE) values (118,104,'명훈이바버',to_date('19/02/14','RR/MM/DD'),to_date('19/02/15','RR/MM/DD'));
Insert into TODO (TODO_NO,USER_NO,TODO_DETAIL,TODO_START_DATE,TODO_END_DATE) values (117,104,'신나게 놀기',to_date('19/02/13','RR/MM/DD'),to_date('19/02/15','RR/MM/DD'));

Insert into CONTENT_SETTING (CONTENT_SETTING_NO,USER_NO,TASTY_KEYWORD,SHOPPING_KEYWORD_NO,USER_KEYWORD_NO,SORT_SECTION_NO) values (106,107,null,106,106,6);
Insert into CONTENT_SETTING (CONTENT_SETTING_NO,USER_NO,TASTY_KEYWORD,SHOPPING_KEYWORD_NO,USER_KEYWORD_NO,SORT_SECTION_NO) values (108,109,null,108,108,8);
Insert into CONTENT_SETTING (CONTENT_SETTING_NO,USER_NO,TASTY_KEYWORD,SHOPPING_KEYWORD_NO,USER_KEYWORD_NO,SORT_SECTION_NO) values (122,122,'강남역',122,122,22);
Insert into CONTENT_SETTING (CONTENT_SETTING_NO,USER_NO,TASTY_KEYWORD,SHOPPING_KEYWORD_NO,USER_KEYWORD_NO,SORT_SECTION_NO) values (102,102,'강남역',102,102,2);
Insert into CONTENT_SETTING (CONTENT_SETTING_NO,USER_NO,TASTY_KEYWORD,SHOPPING_KEYWORD_NO,USER_KEYWORD_NO,SORT_SECTION_NO) values (105,106,null,105,105,5);
Insert into CONTENT_SETTING (CONTENT_SETTING_NO,USER_NO,TASTY_KEYWORD,SHOPPING_KEYWORD_NO,USER_KEYWORD_NO,SORT_SECTION_NO) values (103,103,'서울',103,103,3);
Insert into CONTENT_SETTING (CONTENT_SETTING_NO,USER_NO,TASTY_KEYWORD,SHOPPING_KEYWORD_NO,USER_KEYWORD_NO,SORT_SECTION_NO) values (104,104,'시흥',104,104,4);
Insert into CONTENT_SETTING (CONTENT_SETTING_NO,USER_NO,TASTY_KEYWORD,SHOPPING_KEYWORD_NO,USER_KEYWORD_NO,SORT_SECTION_NO) values (121,121,null,121,121,21);
Insert into CONTENT_SETTING (CONTENT_SETTING_NO,USER_NO,TASTY_KEYWORD,SHOPPING_KEYWORD_NO,USER_KEYWORD_NO,SORT_SECTION_NO) values (107,108,null,107,107,7);
Insert into CONTENT_SETTING (CONTENT_SETTING_NO,USER_NO,TASTY_KEYWORD,SHOPPING_KEYWORD_NO,USER_KEYWORD_NO,SORT_SECTION_NO) values (109,110,null,109,109,9);
Insert into CONTENT_SETTING (CONTENT_SETTING_NO,USER_NO,TASTY_KEYWORD,SHOPPING_KEYWORD_NO,USER_KEYWORD_NO,SORT_SECTION_NO) values (101,101,null,101,101,1);
Insert into CONTENT_SETTING (CONTENT_SETTING_NO,USER_NO,TASTY_KEYWORD,SHOPPING_KEYWORD_NO,USER_KEYWORD_NO,SORT_SECTION_NO) values (110,111,null,110,110,10);
Insert into CONTENT_SETTING (CONTENT_SETTING_NO,USER_NO,TASTY_KEYWORD,SHOPPING_KEYWORD_NO,USER_KEYWORD_NO,SORT_SECTION_NO) values (111,112,null,111,111,11);
Insert into CONTENT_SETTING (CONTENT_SETTING_NO,USER_NO,TASTY_KEYWORD,SHOPPING_KEYWORD_NO,USER_KEYWORD_NO,SORT_SECTION_NO) values (112,113,null,112,112,12);
Insert into CONTENT_SETTING (CONTENT_SETTING_NO,USER_NO,TASTY_KEYWORD,SHOPPING_KEYWORD_NO,USER_KEYWORD_NO,SORT_SECTION_NO) values (123,123,'시흥시',123,123,23);

--------------------------------------------------------
--  파일이 생성됨 - 월요일-2월-18-2019   
--------------------------------------------------------
REM INSERTING into FAQ
SET DEFINE OFF;
Insert into FAQ (FAQ_NO,USER_CENTER_CATEGORY,FAQ_TITLE,FAQ_DETAIL,FAQ_DATE,FAQ_DELETE_CHECK) values (75,0,'이미지 나오나여','<p><img alt="" src="/images/FAQImage/1549956685607.jpg" style="height:100px; width:100px" /><img alt="" src="/images/FAQImage/1549956592664.png" style="height:100px; width:100px" /></p>

<p>와우 넣는거 되게불펴하네여</p>

<p><img alt="" src="/images/FAQImage/1549956622760.jpg" style="height:100px; width:100px" /></p>

<p>&nbsp;</p>
',to_date('19/02/12','RR/MM/DD'),0);
Insert into FAQ (FAQ_NO,USER_CENTER_CATEGORY,FAQ_TITLE,FAQ_DETAIL,FAQ_DATE,FAQ_DELETE_CHECK) values (69,0,'회원 ID와 비밀번호를 잊어버렸어요 !','<p>회원 ID를 잊어버린 경우]<br />
- 로그인 -&gt; 회원ID 찾기</p>

<p>ID확인하기&gt;&gt;</p>

<p>[비밀번호를 잊어버린 경우]<br />
- ID확인과 동일하게 비밀번호 찾기버튼을 클릭하신 후 &nbsp;개인정보를 기입해주시면, 새로운 비밀번호를 등록하실 수 있습니다.</p>

<p>비밀번호확인하기&gt;&gt;</p>

<p>▷ 개인정보 도용가입으로 의심되시면, 고객만족센터(1577-2892)로 문의해 주시기 바랍니다.<br />
▷ 메일로 접수 시에는 연락할 수 있는 휴대폰 번호 또는 전화번호와 함께 접수해주시길 바랍니다.</p>
',to_date('19/02/08','RR/MM/DD'),1);
Insert into FAQ (FAQ_NO,USER_CENTER_CATEGORY,FAQ_TITLE,FAQ_DETAIL,FAQ_DATE,FAQ_DELETE_CHECK) values (70,0,'회원탈퇴는 어떻게 하나요?','<p>[회원탈퇴방법]</p>

<p>로그인 후 홈페이지 상단 위에 MY PAGE &gt; 회원정보 &gt; 회원 탈퇴 를 클릭하시면 됩니다.<br />
&nbsp;</p>
',to_date('19/02/08','RR/MM/DD'),1);
Insert into FAQ (FAQ_NO,USER_CENTER_CATEGORY,FAQ_TITLE,FAQ_DETAIL,FAQ_DATE,FAQ_DELETE_CHECK) values (71,1,'일정관리 테스트입니다','<p>일정-관리 입니다</p>
',to_date('19/02/08','RR/MM/DD'),1);
Insert into FAQ (FAQ_NO,USER_CENTER_CATEGORY,FAQ_TITLE,FAQ_DETAIL,FAQ_DATE,FAQ_DELETE_CHECK) values (72,2,'컨텐츠 설정 테스트입니다','<p>편-안</p>
',to_date('19/02/08','RR/MM/DD'),1);
Insert into FAQ (FAQ_NO,USER_CENTER_CATEGORY,FAQ_TITLE,FAQ_DETAIL,FAQ_DATE,FAQ_DELETE_CHECK) values (73,2,'다이어리/스크랩 테스트입니다','<p>다이어리/스크랩 꺅</p>
',to_date('19/02/08','RR/MM/DD'),0);
Insert into FAQ (FAQ_NO,USER_CENTER_CATEGORY,FAQ_TITLE,FAQ_DETAIL,FAQ_DATE,FAQ_DELETE_CHECK) values (74,0,'꺅','<p>보미예뻐</p>
',to_date('19/02/08','RR/MM/DD'),0);
Insert into FAQ (FAQ_NO,USER_CENTER_CATEGORY,FAQ_TITLE,FAQ_DETAIL,FAQ_DATE,FAQ_DELETE_CHECK) values (68,0,'회원정보는 어떻게 변경하나요?','<p>회원정보변경은 My Page &gt; 회원정보변경 &gt; 배송지/회원정보관리 화면에서 가능합니다.<br />
변경가능한 정보는 [ E-Mail, 비밀번호, 배송지, 연락처, 배송지, 환불계좌 ] 입니다.</p>
',to_date('19/02/08','RR/MM/DD'),1);


